Colour Number,Colour Name,NCS Number,R,G,B,Hex
1626,ZEST,S0515-Y ,251,234,190,#FBEABE
1155,BUTTERY CREAM,0618-Y11R ,251,226,176,#FBE2B0
1154,OLD CREAM,S0510-Y10R ,250,234,197,#FAEAC5
1188,UNICORN,0611-Y31R ,250,227,196,#FAE3C4
2121,FLORAL PINK,S0510-Y60R ,250,225,208,#FAE1D0
1194,DAY BREAK,0611-Y43R ,250,224,198,#FAE0C6
2021,FROSTY PEACH,S0510-Y50R ,249,225,205,#F9E1CD
2127,CANDY,S0510-Y70R ,249,223,207,#F9DFCF
2568,STAR CHAMPAGNE,S0507-Y60R ,248,229,214,#F8E5D6
1150,SWEET NECTAR,0619-Y02R ,248,229,176,#F8E5B0
10009,LIGHT PEACH,S0507-Y40R ,247,230,208,#F7E6D0
2044,CORAL PINK,0314-Y91R ,247,220,211,#F7DCD3
1160,MORNING LIGHT,0818-Y27R ,247,212,169,#F7D4A9
2206,SOLRENNING,S1040-Y20R ,247,190,120,#F7BE78
1988,FOUNTAINS,S0507-Y ,246,238,211,#F6EED3
1189,DUST STORM,0819-Y32R ,246,206,166,#F6CEA6
2117,,0919-Y50R ,246,202,172,#F6CAAC
2122,CARNATIONS,0720-Y58R ,246,200,174,#F6C8AE
1225,,0506-Y43R ,245,230,212,#F5E6D4
2786,,0510-Y77R ,245,223,212,#F5DFD4
2793,AZALEA PEACH,0715-Y76R ,245,210,196,#F5D2C4
1195,,1020-Y37R ,245,203,165,#F5CBA5
1516,LEMON JUICE,S0505-Y10R ,244,236,215,#F4ECD7
566,MAGNOLIA,0606-Y41R ,244,233,215,#F4E9D7
2249,ALE TANGY,S0505-Y50R ,244,230,212,#F4E6D4
526,LUNA,1017-Y29R ,244,211,173,#F4D3AD
10064,,1127-Y42R ,244,190,147,#F4BE93
7236,JAZZ WHITE,0401-G42Y ,243,244,238,#F3F4EE
1224,,0605-Y18R ,243,235,215,#F3EBD7
8070,TROPIC GINGER,0612-G88Y ,243,234,198,#F3EAC6
1149,PALE SUN,S0510-Y ,243,232,199,#F3E8C7
1349,LIGHT,0712-Y01R ,243,229,192,#F3E5C0
578,SAHARA,0809-Y32R ,243,224,197,#F3E0C5
10406,GOLDEN LILY,1156-Y07R ,243,191,83,#F3BF53
1624,SKYLIGHT,0501-Y01R ,242,241,232,#F2F1E8
8065,BRIGHT SPRING,0411-G69Y ,242,240,207,#F2F0CF
567,IVORY,0504-Y21R ,242,234,215,#F2EAD7
2510,,S0505-Y90R ,242,231,223,#F2E7DF
2355,,S0505-Y70R ,242,229,218,#F2E5DA
118,PERSIAN PEARL,0811-Y16R ,242,226,193,#F2E2C1
1239,CLASSIC YELLOW,0816-Y01R ,242,225,182,#F2E1B6
2128,PEACH BLUSH,0720-Y69R ,242,196,176,#F2C4B0
1190,,1127-Y31R ,242,193,142,#F2C18E
1105,SOYAMILK,0502-Y08R ,241,239,229,#F1EFE5
2570,PASTEL BREEZE,S0603-Y60R ,241,233,224,#F1E9E0
1174,MONET,0920-Y03R ,241,218,166,#F1DAA6
1161,,1228-Y26R ,241,193,141,#F1C18D
9918,CLASSIC WHITE,S0500-N ,240,239,234,#F0EFEA
1453,COTTON BALL,S0502-Y ,240,239,226,#F0EFE2
1453,COTTON BALL,S0502-Y ,240,239,226,#F0EFE2
8343,,S0507-G80Y ,240,238,213,#F0EED5
3144,HVIT MALVA,S0502-R ,240,236,231,#F0ECE7
2150,SAMOAN SAND,0606-Y85R ,240,228,222,#F0E4DE
1238,ETERNAL SUNSHINE,0710-Y05R ,240,227,197,#F0E3C5
10392,,0808-Y40R ,240,222,200,#F0DEC8
1966,TEAL BEIGE,S1015-Y20R ,240,213,173,#F0D5AD
10031,GINGKO,S1015-Y30R ,240,209,173,#F0D1AD
1001,EGG WHITE,0502-Y ,239,237,227,#EFEDE3
1278,LINEN WHITE,0703-Y30R ,239,233,219,#EFE9DB
1951,SWEET PEACH,S1015-Y40R ,239,205,175,#EFCDAF
8054,SUNNY SPOT,1046-G99Y ,239,204,106,#EFCC6A
8054,SUNNY SPOT,1046-G99Y ,239,204,106,#EFCC6A
1157,GOLDEN RAY,1239-Y16R ,239,191,118,#EFBF76
2123,VITICELLA,S1030-Y60R ,239,177,148,#EFB194
8159,KAMSKJELL,S0502-G50Y ,238,239,229,#EEEFE5
8066,,0518-G70Y ,238,235,185,#EEEBB9
1075,,0907-Y14R ,238,227,202,#EEE3CA
1731,GINGER MIST,0805-Y35R ,238,224,207,#EEE0CF
10393,,0907-Y25R ,238,223,198,#EEDFC6
1156,PETALS,S1030-Y10R ,238,201,140,#EEC98C
10407,THE SEVENTIES,1447-Y22R ,238,175,99,#EEAF63
9908,TRANQUILITY,0600-N ,237,238,233,#EDEEE9
3255,PINK VEIL,S0603-R20B ,237,232,231,#EDE8E7
1574,OLD LACE,S0804-Y10R ,237,231,215,#EDE7D7
8012,MARIGOLD WHITE,0823-G87Y ,237,225,165,#EDE1A5
1121,,0805-Y49R ,237,224,209,#EDE0D1
1964,SADAF,S0907-Y30R ,237,221,198,#EDDDC6
2552,,S0907-Y50R ,237,218,201,#EDDAC9
10409,,S1015-Y10R ,237,216,175,#EDD8AF
1017,PEACH,S1020-Y20R ,237,205,161,#EDCDA1
2539,PINK SAND,S1015-Y60R ,237,202,182,#EDCAB6
2449,JASMINE SCENT,S0804-Y70R ,236,227,218,#ECE3DA
1243,DEW,0906-Y19R ,236,226,204,#ECE2CC
1819,SHORE,S0907-Y10R ,236,225,199,#ECE1C7
2160,,0909-Y66R ,236,217,203,#ECD9CB
10398,DUSTY LIGHT,1013-Y09R ,236,217,180,#ECD9B4
1369,SUN,S1020-Y10R ,236,210,163,#ECD2A3
1115,DUNES OF ARABIA,1216-Y17R ,236,209,168,#ECD1A8
2801,,S1015-Y70R ,236,201,184,#ECC9B8
2118,,1430-Y50R ,236,173,138,#ECAD8A
1622,REFLECTION,0801-Y25R ,235,233,226,#EBE9E2
2043,SAND DUST,0906-Y78R ,235,223,215,#EBDFD7
2787,ROSE WATER,0905-Y54R ,235,223,210,#EBDFD2
1260,SEEDY PEARL,1007-Y48R ,235,218,201,#EBDAC9
8071,,1028-G92Y ,235,214,146,#EBD692
2804,,1010-Y59R ,235,211,192,#EBD3C0
1151,YELLOW JASMINE,1138-Y ,235,204,124,#EBCC7C
1196,LIGHT TANGERINE,1531-Y37R ,235,177,132,#EBB184
1191,,1337-Y35R ,235,174,119,#EBAE77
486,EARLY RAIN,0702-Y35R ,234,231,220,#EAE7DC
981,CREAM,0804-Y32R ,234,227,213,#EAE3D5
1107,LOFT,0905-Y16R ,234,227,209,#EAE3D1
2478,SAND BANK,S0804-Y90R ,234,226,221,#EAE2DD
1250,,1005-Y33R ,234,222,204,#EADECC
1775,FRESH PASTA,S1015-Y ,234,218,177,#EADAB1
2536,INNOCENCE,S0907-Y70R ,234,217,205,#EAD9CD
1006,SAND PEBBLE,S1010-Y30R ,234,212,186,#EAD4BA
708,ANTIQUE IVORY,1122-Y03R ,234,212,156,#EAD49C
1019,,S1010-Y40R ,234,210,185,#EAD2B9
1117,PEACH SKY,1212-Y31R ,234,208,177,#EAD0B1
1117,PEACH SKY,1212-Y31R ,234,208,177,#EAD0B1
2012,,S1010-Y70R ,234,206,192,#EACEC0
2161,,1113-Y66R ,234,205,190,#EACDBE
2540,,S1015-Y80R ,234,200,188,#EAC8BC
7001,COAST WHITE,S0502-G ,233,237,231,#E9EDE7
7001,KYSTHVIT,S0502-G ,233,237,231,#E9EDE7
7062,CHIRK CASTLE,0610-G48Y ,233,235,211,#E9EBD3
2450,MUSK LATHER,S0907-Y90R ,233,218,212,#E9DAD4
1012,WILD RICE,S1010-Y10R ,233,216,184,#E9D8B8
1038,KUTHBAN,S1010-Y20R ,233,214,184,#E9D6B8
10235,SUMMER SUN,S1030-Y ,233,206,140,#E9CE8C
2046,BLUSH PINK,1019-Y86R ,233,190,180,#E9BEB4
2789,IMPERIAL GARNET,1323-Y74R ,233,182,165,#E9B6A5
2129,,1328-Y67R ,233,174,151,#E9AE97
5001,SNOW-WHITE,S0502-B ,232,238,236,#E8EEEC
1281,PEARL BEIGE,1003-Y26R ,232,226,212,#E8E2D4
10399,,1003-Y45R ,232,225,214,#E8E1D6
2798,RAW,0904-Y59R ,232,224,214,#E8E0D6
1122,BEACH HONEY,1108-Y49R ,232,213,195,#E8D5C3
2015,ROMANCE PINK,S1010-Y90R ,232,210,203,#E8D2CB
2761,,S1010-Y60R ,232,208,191,#E8D0BF
1261,,1211-Y49R ,232,207,186,#E8CFBA
2802,,S1015-Y90R ,232,199,191,#E8C7BF
1262,HARMONY,1319-Y48R ,232,193,163,#E8C1A3
1177,NOBILE,1420-Y31R ,232,192,153,#E8C099
1177,NOBILE,1420-Y31R ,232,192,153,#E8C099
2031,CORAL,S1020-Y90R ,232,191,183,#E8BFB7
1162,,1439-Y29R ,232,173,113,#E8AD71
10408,BRIGHT SIENNA,1550-Y35R ,232,157,95,#E89D5F
6246,SHIRAA,S0502-B50G ,231,238,235,#E7EEEB
8018,MODERN WHITE,0807-G73Y ,231,229,208,#E7E5D0
1244,GOLDEN WHITE,1004-Y23R ,231,225,208,#E7E1D0
8181,PASTEL MINT,S0907-G90Y ,231,225,201,#E7E1C9
1039,,S1010-Y ,231,219,186,#E7DBBA
1248,RAW CITRINE,1107-Y40R ,231,214,194,#E7D6C2
2089,LIGHT VENUS,S1010-Y80R ,231,208,198,#E7D0C6
7067,ROCKERY,0706-G35Y ,230,234,219,#E6EADB
4493,SHY LILAC,S0804-R50B ,230,228,230,#E6E4E6
1432,ANEEQA,S1005-Y ,230,224,203,#E6E0CB
1875,SENSE,1003-Y21R ,230,223,206,#E6DFCE
2482,WASHED LIMESTONE,S1005-Y50R ,230,217,202,#E6D9CA
1128,CASHEW FRUIT,1208-Y14R ,230,217,189,#E6D9BD
1046,DESERT ROSE,1517-Y35R ,230,193,160,#E6C1A0
4520,PAIGE,S0603-R80B ,229,233,234,#E5E9EA
8082,SKY GREY,0903-G76Y ,229,229,219,#E5E5DB
3028,NUDE RED,0903-R32B ,229,226,227,#E5E2E3
1928,SUMMER SNOW,1102-Y10R ,229,226,216,#E5E2D8
1376,MIST,1002-Y24R ,229,224,212,#E5E0D4
1134,EVENING SHADOW,1104-Y44R ,229,220,206,#E5DCCE
908,OYSTER WHITE,1106-Y16R ,229,220,201,#E5DCC9
1519,VANILLA LATTE,S1005-Y30R ,229,218,200,#E5DAC8
1200,DESERT SAFARI,1635-Y48R ,229,161,122,#E5A17A
2124,MACARONS PINK,1536-Y58R ,229,159,127,#E59F7F
6012,CLEAR JADE,0704-B97G ,228,235,229,#E4EBE5
8003,PEPPERMINT,S1005-G80Y ,228,225,208,#E4E1D0
1108,LOTUS ROOT,S1005-Y10R ,228,221,202,#E4DDCA
8124,MALMO,S1010-G90Y ,228,220,188,#E4DCBC
2534,FAIR LADY,S1005-Y90R ,228,216,210,#E4D8D2
2314,,S1005-Y60R ,228,216,204,#E4D8CC
1256,CINNAMON MILK,1205-Y41R ,228,216,200,#E4D8C8
2162,GOLDEN PEACH,1422-Y68R ,228,181,161,#E4B5A1
1197,MIAMI CORAL,1642-Y39R ,228,157,107,#E49D6B
1072,MINIMALIST,1001-Y03R ,227,228,224,#E3E4E0
2104,TEA FLOWER,S1002-Y50R ,227,222,213,#E3DED5
1931,CASHEW,1203-Y19R ,227,221,205,#E3DDCD
2594,COTTON LACE,S1005-Y80R ,227,215,207,#E3D7CF
2167,SILHUETT,1205-Y69R ,227,214,205,#E3D6CD
10411,SHAMS,S1515-Y30R ,227,196,162,#E3C4A2
1968,,S1515-Y40R ,227,194,164,#E3C2A4
6317,,1001-B58G ,226,229,227,#E2E5E3
1235,WHITE SAND,1204-Y26R ,226,218,201,#E2DAC9
2800,,S1515-Y50R ,226,190,166,#E2BEA6
9904,TWILIGHT,S1000-N ,225,225,221,#E1E1DD
201,WHITE SATIN,1204-G93Y ,225,223,212,#E1DFD4
498,BALLET SLIPPERS,S1002-R ,225,221,218,#E1DDDA
552,BREEZE,1202-Y26R ,225,219,209,#E1DBD1
2088,SALMON,1513-Y52R ,225,194,172,#E1C2AC
7373,ON THE SHORE,S0804-G20Y ,224,229,219,#E0E5DB
1024,TIMELESS,S1002-Y ,224,221,211,#E0DDD3
1024,TIMELESS,S1002-Y ,224,221,211,#E0DDD3
2172,,1203-Y77R ,224,220,215,#E0DCD7
3311,DELICATE PINK,S1005-R30B ,224,218,220,#E0DADC
1251,,1408-Y38R ,224,207,186,#E0CFBA
10410,ANTIQUE BEIGE,S1510-Y30R ,224,202,175,#E0CAAF
4660,,1102-R54B ,223,223,223,#DFDFDF
1139,,1305-Y18R ,223,216,197,#DFD8C5
1998,SPRING CHAMPAGNE,S1510-Y20R ,223,204,175,#DFCCAF
1118,PETRA STONE,1926-Y29R ,223,178,134,#DFB286
1216,FRØYA,1933-Y26R ,223,171,119,#DFAB77
2157,DAWN,1827-Y50R ,223,168,137,#DFA889
6053,ICE SCENT,S0804-B50G ,222,231,228,#DEE7E4
4685,,1004-R55B ,222,217,217,#DED9D9
1230,GIZA GOLD,1931-Y33R ,222,168,121,#DEA879
2130,,1738-Y66R ,222,147,121,#DE9379
7036,,0608-G22Y ,221,231,215,#DDE7D7
7079,,1006-G37Y ,221,225,210,#DDE1D2
1135,SANDY CORAL,1405-Y43R ,221,211,196,#DDD3C4
1245,RUG,1816-Y26R ,221,191,156,#DDBF9C
2451,FRENCH MANICURE,S1515-Y80R ,221,188,177,#DDBCB1
5056,LUCKY BLUE,0705-B22G ,220,232,230,#DCE8E6
7042,WATER SPRING,S1002-G ,220,224,219,#DCE0DB
1286,OPERA,1301-Y07R ,220,220,214,#DCDCD6
1276,SOFT,1507-Y16R ,220,209,186,#DCD1BA
1130,SPRING LIGHT,1710-Y36R ,220,198,173,#DCC6AD
2571,CLAUDIO,S1510-Y60R ,220,197,181,#DCC5B5
1180,DIJON,2048-Y16R ,220,162,90,#DCA25A
707,PEPPERMINT,0609-G12Y ,219,230,215,#DBE6D7
6251,,S1002-B50G ,219,224,221,#DBE0DD
8238,PEAR SENSATION,S1010-G50Y ,219,223,196,#DBDFC4
4672,,1105-R59B ,219,220,223,#DBDCDF
1989,RICH CLAY,S1510-Y ,219,208,178,#DBD0B2
568,WOOD SMOKE,1607-Y41R ,219,202,181,#DBCAB5
2782,KHAJAL,S1510-Y70R ,219,196,183,#DBC4B7
2782,KHAJAL,S1510-Y70R ,219,196,183,#DBC4B7
7377,GREY TREE,S0907-G20Y ,218,226,213,#DAE2D5
5167,FREEDOM,S1002-B ,218,223,223,#DADFDF
4661,FOGGY SKY,1105-R71B ,218,222,225,#DADEE1
982,,1303-G93Y ,218,217,206,#DAD9CE
10412,CREAMY BEIGE,S1505-Y10R ,218,210,192,#DAD2C0
10413,,S1505-Y40R ,218,206,190,#DACEBE
2595,,S1510-Y80R ,218,196,186,#DAC4BA
2799,BROWN SUGAR,1710-Y69R ,218,193,180,#DAC1B4
8072,,1637-G93Y ,218,193,116,#DAC174
4093,CRISP BLUE,S0510-R80B ,217,230,236,#D9E6EC
7374,QUIET,S1005-G10Y ,217,224,215,#D9E0D7
10341,LIMESTONE,1603-Y31R ,217,211,199,#D9D3C7
2052,VIENNA,1409-Y83R ,217,197,188,#D9C5BC
1246,CHATEAU,2122-Y25R ,217,179,137,#D9B389
2489,BELLA,S2040-Y50R ,217,145,109,#D9916D
4399,POLAR ADVENTURE,S0510-R90B ,216,232,236,#D8E8EC
1292,,1401-Y01R ,216,217,213,#D8D9D5
8356,HARIR,S1510-G90Y ,216,208,178,#D8D0B2
2168,SCENT,1606-Y75R ,216,202,194,#D8CAC2
1393,LATTE,S2010-Y30R ,216,194,169,#D8C2A9
1158,YELLOW RIVER,S2050-Y10R ,216,164,85,#D8A455
1186,,2147-Y21R ,216,158,90,#D89E5A
4011,MISTRAL,S1005-R80B ,215,221,223,#D7DDDF
7063,ICE MINT,0922-G45Y ,215,220,174,#D7DCAE
9955,PALE PORCELAIN,1600-N ,215,216,214,#D7D8D6
8303,WHITE HEATHER,S1505-G90Y ,215,211,193,#D7D3C1
10394,PURE YELLOW,2015-Y13R ,215,193,156,#D7C19C
1192,,2150-Y33R ,215,144,87,#D79057
6247,GLASS BLUE,S1005-B80G ,214,223,218,#D6DFDA
8042,FRESH HAY,1407-G57Y ,214,215,197,#D6D7C5
121,PEARL,1501-Y03R ,214,213,206,#D6D5CE
1289,ELEGANT BEIGE,1703-Y36R ,214,208,198,#D6D0C6
10678,SPACE,1704-Y19R ,214,207,191,#D6CFBF
1960,RAW MUSTARD,S2030-Y10R ,214,179,124,#D6B37C
1247,DUSTY MORNING,2332-Y29R ,214,163,115,#D6A373
2788,,2033-Y72R ,214,148,129,#D69481
1198,SUNPATH,2149-Y41R ,214,139,90,#D68B5A
6167,SPRING BREEZE,S1005-B50G ,213,224,220,#D5E0DC
7077,,1304-G02Y ,213,220,213,#D5DCD5
7385,HILLSIDE,S1015-G40Y ,213,219,189,#D5DBBD
2098,SILVER CLOUD,1601-Y77R ,213,213,210,#D5D5D2
9915,OXFORD RIVER,S1500-N ,213,212,207,#D5D4CF
9915,OXFORD RIVER,S1500-N ,213,212,207,#D5D4CF
8428,ROMAN COLUMN,S1505-G80Y ,213,212,195,#D5D4C3
2105,LINEN GREY,S1502-Y50R ,213,209,201,#D5D1C9
565,CASABLANCA CLAY,1811-Y01R ,213,201,172,#D5C9AC
1029,COPPERTONE,S2020-Y40R ,213,173,142,#D5AD8E
1029,WARM PEACH,S2020-Y40R ,213,173,142,#D5AD8E
1193,,2159-Y34R ,213,134,73,#D58649
5049,BEACH WEATHER,0708-B02G ,212,229,230,#D4E5E6
1391,BARE,S1502-Y ,212,211,201,#D4D3C9
1391,BARE,S1502-Y ,212,211,201,#D4D3C9
1876,WILD EARL,1805-Y20R ,212,203,185,#D4CBB9
1876,WILD EARL,1805-Y20R ,212,203,185,#D4CBB9
1131,DESERT HEAT,2112-Y27R ,212,188,159,#D4BC9F
1392,ANTIQUE YELLOW,S2020-Y20R ,212,181,139,#D4B58B
596,ICE BLUE,0710-B64G ,211,231,227,#D3E7E3
5276,BLURY BLUE,S1005-B ,211,222,223,#D3DEDF
3003,FLINT,S1502-R ,211,208,205,#D3D0CD
12182,GENTLE WHISPER,1903-Y32R ,211,203,191,#D3CBBF
11173,HUMBLE YELLOW,2008-Y15R ,211,197,172,#D3C5AC
1033,SUSHI,S2010-Y40R ,211,185,162,#D3B9A2
1152,,2357-Y10R ,211,154,67,#D39A43
1119,PLAKA,2435-Y35R ,211,152,108,#D3986C
2133,COCO BERRY,S2030-Y80R ,211,149,137,#D39589
1187,TRIBAL,2258-Y20R ,211,146,69,#D39245
7237,NOSTALGI,S1010-G20Y ,210,221,202,#D2DDCA
4666,SILKY BLUE,1205-R98B ,210,218,219,#D2DADB
8067,GREEN SPRING,1338-G70Y ,210,204,121,#D2CC79
12083,DEVINE,2108-Y37R ,210,190,169,#D2BEA9
2348,,2211-Y52R ,210,183,164,#D2B7A4
2225,TUSCANY,S2020-Y60R ,210,169,147,#D2A993
5038,AQUA FRESH,0710-B10G ,209,230,229,#D1E6E5
4662,,1506-R53B ,209,208,212,#D1D0D4
1114,BYBLOS BRONZE,2428-Y15R ,209,171,121,#D1AB79
2125,SPARK,S2050-Y60R ,209,126,94,#D17E5E
7037,SOUR ONION,1308-G18Y ,208,217,203,#D0D9CB
1268,SILVER GLASS,1802-Y03R ,208,207,199,#D0CFC7
8596,SUNNY GREEN,1810-G73Y ,208,204,177,#D0CCB1
8014,CEDAR,1623-G72Y ,208,204,148,#D0CC94
2542,SMOOTH LATTE,S2020-Y90R ,208,166,160,#D0A6A0
1199,,2158-Y42R ,208,127,76,#D07F4C
1140,SAND,S2005-Y30R ,207,197,180,#CFC5B4
1140,SAND,S2005-Y30R ,207,197,180,#CFC5B4
1137,MOROCCAN MIST,2106-Y43R ,207,193,177,#CFC1B1
1859,IDENTITY,S2010-Y10R ,207,192,165,#CFC0A5
2090,ISLAND TAN,2214-Y72R ,207,175,162,#CFAFA2
4397,SKI SLOPE,S0515-R80B ,206,223,235,#CEDFEB
7043,REFLEKS,S1502-G ,206,210,205,#CED2CD
8470,SMOOTH WHITE,2003-G96Y ,206,203,192,#CECBC0
700,AUTUMN GREEN,1812-G75Y ,206,203,171,#CECBAB
1359,MACCHIATO,S2005-Y40R ,206,193,177,#CEC1B1
2613,PETIT FOUR,S2030-Y90R ,206,149,143,#CE958F
2119,,2347-Y50R ,206,129,91,#CE815B
5028,WISPY GREY,S1502-B ,205,211,210,#CDD3D2
7430,,S1510-G40Y ,205,209,187,#CDD1BB
980,,1704-G23Y ,205,208,202,#CDD0CA
8357,BURIED TREASURE,S2010-G90Y ,205,195,166,#CDC3A6
8583,EARTHY YELLOW,2217-G98Y ,205,188,148,#CDBC94
1109,MEDITERRANEAN OLIVE,2422-Y06R ,205,179,133,#CDB385
8073,OOLONG,2043-G90Y ,205,179,96,#CDB360
4046,PALE PEARL,S1010-R80B ,204,216,223,#CCD8DF
4668,MISTRAL BREEZE,1606-R61B ,204,207,211,#CCCFD3
2106,GREY LIGHT,2003-Y75R ,204,199,194,#CCC7C2
12077,SHEER GREY,2102-Y26R ,204,199,190,#CCC7BE
2496,SANDSTONE,S2005-Y50R ,204,193,180,#CCC1B4
1110,NURA,2532-Y06R ,204,170,113,#CCAA71
2086,DAMASCUS DUSK,2518-Y52R ,204,167,144,#CCA790
7059,CREAMY SEA GREEN,0421-G01Y ,203,234,209,#CBEAD1
6040,,1210-B99G ,203,219,205,#CBDBCD
7064,SHRUB,1031-G45Y ,203,210,149,#CBD295
520,EMPIRE,S2000-N ,203,203,201,#CBCBC9
8005,WINTER FIG,S2005-G80Y ,203,202,182,#CBCAB6
2573,ROSETTA STONE,S2002-Y50R ,203,197,189,#CBC5BD
1142,CONCRETE,2203-Y41R ,203,196,186,#CBC4BA
2588,ARTIST CLAY,S2005-Y80R ,203,192,185,#CBC0B9
2596,,S2010-Y80R ,203,181,172,#CBB5AC
2120,TROPICAL BURST,2258-Y51R ,203,117,75,#CB754B
8222,JURASSIC GREY,S2010-G80Y ,202,197,169,#CAC5A9
12075,SOOTHING BEIGE,2305-Y22R ,202,192,175,#CAC0AF
1178,SVABERG,2732-Y23R ,202,154,106,#CA9A6A
1048,RUSTIC,2560-Y27R ,202,132,69,#CA8445
5039,PACIFICA,S1010-B10G ,201,218,219,#C9DADB
4016,BAFA,S1010-R90B ,201,217,223,#C9D9DF
7555,SOFT MINT,1706-G15Y ,201,208,198,#C9D0C6
967,LIGHT GREY,,201,203,199,#C9CBC7
1069,CASTOR GREY,2002-Y03R ,201,199,190,#C9C7BE
10679,WASHED LINEN,2303-Y14R ,201,195,182,#C9C3B6
1129,PARCHMENT,2413-Y01R ,201,185,153,#C9B999
6234,STEEL TOPAZ,S1010-B50G ,200,221,217,#C8DDD9
7386,PISTACHIO,S1515-G40Y ,200,205,176,#C8CDB0
1926,SNEDRÅPE,S2002-Y ,200,198,189,#C8C6BD
3229,VOGUE HAZE,S2002-R ,200,196,194,#C8C4C2
553,CHINO,2203-Y13R ,200,195,184,#C8C3B8
553,CHINO,2203-Y13R ,200,195,184,#C8C3B8
3312,,S2005-R30B ,200,194,196,#C8C2C4
10428,MASALA,2830-Y18R ,200,159,110,#C89F6E
2131,,2349-Y67R ,200,119,93,#C8775D
4066,ZEN GREY,2002-R85B ,199,203,203,#C7CBCB
4199,LIGHT LAVENDER,1804-R58B ,199,200,204,#C7C8CC
8281,PALE LINDEN,S2005-G70Y ,199,198,182,#C7C6B6
1111,SINAI,2741-Y06R ,199,158,92,#C79E5C
5222,ISBRE,S1010-B ,198,217,220,#C6D9DC
7406,,S1510-G20Y ,198,208,191,#C6D0BF
6024,SEA SPRAY,1704-B78G ,198,207,203,#C6CFCB
1293,PALLADIUM,2201-Y ,198,198,193,#C6C6C1
1141,OMANI SILVER,2505-Y20R ,197,188,171,#C5BCAB
2169,AROMA,2509-Y73R ,197,177,168,#C5B1A8
1132,SAHARA SAND,2915-Y29R ,197,168,138,#C5A88A
4094,,0718-R82B ,196,219,234,#C4DBEA
6038,NOBEL AZUR,1509-B64G ,196,213,208,#C4D5D0
7038,DUSK GREEN,2010-G44Y ,196,199,177,#C4C7B1
3046,SOFT VIOLET,2108-R46B ,196,192,198,#C4C0C6
20047,BLUSHING PEACH,2914-Y53R ,196,165,145,#C4A591
4446,REFLECTION,S1015-R80B ,195,213,225,#C3D5E1
7391,GREY MATTER,S2002-G ,195,198,194,#C3C6C2
8316,THUNDER GREY,S2010-G50Y ,195,198,175,#C3C6AF
8068,,1943-G74Y ,195,184,102,#C3B866
2095,MAHOGANY ASH,2511-Y76R ,195,172,162,#C3ACA2
2784,,2745-Y69R ,195,118,95,#C3765F
7065,GREEN LATTE,1337-G48Y ,194,200,132,#C2C884
5239,,S2002-B ,194,198,198,#C2C6C6
4468,ALLADIN,S1510-R80B ,193,205,213,#C1CDD5
4468,ALLADIN,S1510-R80B ,193,205,213,#C1CDD5
10415,,2704-Y12R ,193,187,172,#C1BBAC
2091,NORDIC BROWN,3019-Y66R ,193,153,136,#C19988
1113,GOLDEN SAND,3234-Y17R ,193,149,98,#C19562
4200,RAMAD,S2005-R80B ,192,198,201,#C0C6C9
4688,,1813-R61B ,192,195,207,#C0C3CF
1269,DAWN,2502-Y17R ,192,190,182,#C0BEB6
3009,SØLVBJERK,S2502-R ,192,188,187,#C0BCBB
2134,,2744-Y72R ,192,116,97,#C07461
1973,OBJECTIVE,S2502-Y ,191,188,178,#BFBCB2
1973,OBJECTIVE,S2502-Y ,191,188,178,#BFBCB2
12076,MODERN BEIGE,2805-Y27R ,191,179,164,#BFB3A4
2024,SENSES,S3010-Y50R ,191,167,149,#BFA795
2024,LIGHT MOCHA,S3010-Y50R ,191,167,149,#BFA795
12120,DESERT PINK,3215-Y43R ,191,159,134,#BF9F86
5054,TURQUOISE TREASURE,0520-B48G ,190,231,226,#BEE7E2
5050,,0519-B01G ,190,225,233,#BEE1E9
6237,TRANSPARENT GEM,S1015-B50G ,190,219,215,#BEDBD7
12078,COMFORT GREY,2703-Y19R ,190,185,175,#BEB9AF
1283,DHAHAB,2806-Y22R ,190,180,161,#BEB4A1
10961,RAW CANVAS,3009-Y14R ,190,175,151,#BEAF97
1351,KAMELBRUN,S3010-Y30R ,190,168,146,#BEA892
5264,,S1510-B ,189,206,209,#BDCED1
9911,PLATINUM,S2500-N ,189,189,186,#BDBDBA
2011,ANTIQUE BRASS,S3020-Y60R ,189,150,131,#BD9683
1159,,3049-Y22R ,189,134,73,#BD8649
6253,SEA MIST,S1510-B50G ,188,208,204,#BCD0CC
4678,,2208-R65B ,188,192,199,#BCC0C7
1757,COFFEE BUTTER,S3010-Y40R ,188,164,144,#BCA490
710,BLUE SKY,1117-R83B ,187,208,220,#BBD0DC
4680,,1318-R78B ,187,206,222,#BBCEDE
5452,NORDIC BREEZE,2107-B01G ,187,198,200,#BBC6C8
2107,ETOILE,2804-Y83R ,187,180,175,#BBB4AF
10342,SABLE STONE,2903-Y30R ,187,180,168,#BBB4A8
20186,LAVENDER TOUCH,2904-Y74R ,187,178,173,#BBB2AD
1938,TEA LEAVES,S3010-Y10R ,187,171,146,#BBAB92
20217,MUTED CORAL,3234-Y69R ,187,125,105,#BB7D69
1143,MISTY GREY,2903-Y49R ,186,179,170,#BAB3AA
1917,HIGH TOUCH,S3010-Y20R ,186,169,145,#BAA991
2270,VESTKYST,S3010-Y70R ,186,163,152,#BAA398
2807,PINK CHALK,S3010-Y60R ,186,162,148,#BAA294
2092,POWER PUFF,3225-Y70R ,186,138,122,#BA8A7A
12290,ANTWERP BEIGE,3105-Y25R ,185,175,159,#B9AF9F
288,MEXICO,S3030-Y ,185,159,107,#B99F6B
2458,DIRTY DUSK,S3020-Y90R ,185,146,140,#B9928C
7006,FOREST,S2010-G10Y ,184,198,183,#B8C6B7
4067,BLÅDIS,2405-R79B ,184,190,194,#B8BEC2
767,SENSUAL TOUCH,S2502-G ,184,188,184,#B8BCB8
8284,OLIVE,S3020-G90Y ,184,168,127,#B8A87F
763,DEMI-ROSA,S3010-Y80R ,184,162,155,#B8A29B
1153,,3247-Y14R ,184,137,73,#B88949
4689,,2115-R59B ,183,185,200,#B7B9C8
2094,LYS TEGL,3334-Y71R ,183,122,105,#B77A69
6013,SAGE GREEN,1613-B68G ,182,207,200,#B6CFC8
4398,RAIN DROPS,S1515-R80B ,182,200,213,#B6C8D5
5090,GREY FROST,S2502-B ,182,187,188,#B6BBBC
1294,BETONGGRÅ,3001-Y47R ,182,181,175,#B6B5AF
8106,GREEN STONE,S3005-G80Y ,182,180,164,#B6B4A4
7039,LIGHT MOSS,2512-G39Y ,181,186,162,#B5BAA2
12180,PRESENT,3304-Y32R ,181,171,158,#B5AB9E
8063,DRY LEAF,3314-G94Y ,181,167,136,#B5A788
1136,LEELA,3409-Y27R ,181,163,143,#B5A38F
12179,EMBRACE,3721-Y39R ,181,140,111,#B58C6F
2087,ROMA,3628-Y50R ,181,131,104,#B58368
4091,STØVBLÅ,S2010-R80B ,179,191,200,#B3BFC8
8074,,2941-G86Y ,179,156,88,#B39C58
2459,PLUM LIPS,S3040-Y90R ,179,111,106,#B36F6A
5011,SIRROCCO,S2010-B10G ,178,193,194,#B2C1C2
8043,URBAN MIST,2812-G52Y ,178,179,154,#B2B39A
117,DOVE GREY,3101-Y26R ,178,177,174,#B2B1AE
4669,MYSTERIOUS,2809-R52B ,178,176,184,#B2B0B8
2126,STATEMENT,3156-Y58R ,178,98,68,#B26244
6235,FLOW,S2010-B50G ,177,196,193,#B1C4C1
1168,VALE,3408-Y05R ,177,166,147,#B1A693
10683,CASHMERE,3713-Y18R ,177,156,128,#B19C80
8302,LAUREL,S3010-G70Y ,176,174,150,#B0AE96
1133,MITO,3922-Y26R ,176,141,107,#B08D6B
1112,CAMEL SKIN,3837-Y18R ,176,131,83,#B08353
5045,,S2010-B ,175,192,196,#AFC0C4
394,SOFT GREY,3504-Y19R ,175,169,156,#AFA99C
20046,SAVANNA SUNSET,3918-Y55R ,175,138,118,#AF8A76
1623,PERSIAN KHAKI,3606-Y29R ,174,161,145,#AEA191
8045,ANTIQUE BRONZE,3615-G98Y ,174,159,128,#AE9F80
6383,IMAGINE,2311-B86G ,172,193,183,#ACC1B7
7163,MINTY BREEZE,S3005-G20Y ,172,178,168,#ACB2A8
8427,SECRET GARDEN,S3020-G70Y ,172,168,129,#ACA881
598,LAUSANNE BLUE,0822-B11G ,171,214,219,#ABD6DB
7685,SUBTLE GREEN,S3010-G40Y ,171,175,155,#ABAF9B
7066,LIME OBSESSION,2146-G49Y ,171,175,98,#ABAF62
2108,BISMARCK,3605-Y80R ,171,161,155,#ABA19B
2629,MUSCAT,S4010-Y50R ,171,148,133,#AB9485
1120,SIENNA RAY,4034-Y45R ,171,116,87,#AB7457
2132,FLAX,3258-Y68R ,171,89,69,#AB5945
4679,,1721-R78B ,170,191,211,#AABFD3
1032,IRON GREY,S3502-Y ,170,167,159,#AAA79F
1032,IRON GREY,S3502-Y ,170,167,159,#AAA79F
1284,SVOLVÆR,3805-Y17R ,170,160,145,#AAA091
1860,ARMY GREY,S4010-Y10R ,170,155,131,#AA9B83
1922,,S4010-Y30R ,170,150,131,#AA9683
2051,,3810-Y76R ,170,147,139,#AA938B
2156,SILKY ROSE,3911-Y80R ,170,145,138,#AA918A
2520,ARABIA,S4020-Y60R ,170,130,111,#AA826F
10012,MARS DUST,S4030-Y40R ,170,121,90,#AA795A
4457,MEGA PIPE,S3005-R80B ,169,176,180,#A9B0B4
3230,BRUSHED GRANITE,S3502-R ,169,166,164,#A9A6A4
10001,DIJON YELLOW,S4030-Y20R ,169,130,89,#A98259
2135,COCOA SEED,3632-Y85R ,169,112,104,#A97068
2785,BRIGHT CORAL,3643-Y76R ,168,99,86,#A86356
8069,POPPING GREEN,3040-G67Y ,167,159,94,#A79F5E
7060,,S1030-G ,166,210,179,#A6D2B3
4095,,1227-R82B ,166,198,221,#A6C6DD
1053,EARTHSCAPE,4107-Y41R ,166,149,135,#A69587
20218,HEALING LAVENDER,3904-Y95R ,165,157,154,#A59D9A
1259,RUSTY,4335-Y37R ,165,114,82,#A57252
1233,BP DARK PORTLAND,S4005-Y20R ,164,154,139,#A49A8B
1233,MOHAIR,S4005-Y20R ,164,154,139,#A49A8B
113,GREEN BRUME,4011-G99Y ,164,153,131,#A49983
8047,GROTTO,4017-G94Y ,164,149,116,#A49574
11175,ADVENTURE,4518-Y38R ,164,130,105,#A48269
2059,BRICK RED,2858-Y88R ,164,82,78,#A4524E
4671,,3012-R69B ,163,171,181,#A3ABB5
7044,MORGAN TONE,S3502-G ,163,167,163,#A3A7A3
7628,TREASURE,3508-G36Y ,163,167,152,#A3A798
2758,VICTORIAN PURPLE,S4010-Y90R ,163,143,138,#A38F8A
5040,,1919-B41G ,162,197,194,#A2C5C2
4684,,3213-R57B ,162,162,175,#A2A2AF
4155,SWIFT,S2020-R80B ,161,181,200,#A1B5C8
5125,ORKLA,S3502-B ,161,166,166,#A1A6A6
1929,NUTMEG,4806-Y38R ,161,148,133,#A19485
1257,PRISTINE SAND,4509-Y26R ,161,142,123,#A18E7B
7379,WASHED GREEN,S3010-G10Y ,160,174,158,#A0AE9E
4069,CELESTIAL,2912-R79B ,160,172,183,#A0ACB7
8493,GREEN TEA,3916-G73Y ,160,155,124,#A09B7C
20167,WELCOMING RED,4429-Y72R ,160,108,94,#A06C5E
8111,SHINE GREY,S4005-G80Y ,159,156,141,#9F9C8D
2093,ROUGE NOIR,S4030-Y90R ,159,110,106,#9F6E6A
5200,DUSKY BLUE,3010-B ,158,173,178,#9EADB2
9912,GREY EVENT,S4000-N ,158,159,157,#9E9F9D
8252,GREEN HARMONY,S4010-G70Y ,158,155,134,#9E9B86
1378,KONTUR,4202-Y11R ,158,154,147,#9E9A93
1144,MONOLITH,4404-Y40R ,158,149,139,#9E958B
2111,BURNED TERRACOTTA,4427-Y76R ,158,110,99,#9E6E63
4894,OCEAN AIR,3209-R97B ,157,170,175,#9DAAAF
11130,SHADE,4505-Y20R ,157,147,134,#9D9386
4017,PILASTER BLUE,S3010-R90B ,156,170,178,#9CAAB2
561,RAINFOREST,3915-G65Y ,156,155,129,#9C9B81
4677,MISTY VIOLET,3810-R51B ,156,154,161,#9C9AA1
556,FRESH CONCRETE,4302-Y12R ,156,152,145,#9C9891
6236,DARJEELING,S3010-B50G ,155,173,171,#9BADAB
5155,SKYGGESPILL,S3010-B ,155,172,177,#9BACB1
8080,SEA HAZE,4406-G90Y ,155,150,134,#9B9686
1352,TENDER GREY,4605-Y10R ,155,148,138,#9B948A
1285,IRON GATE,4709-Y16R ,155,139,120,#9B8B78
20208,POETRY RED,4335-Y79R ,155,97,86,#9B6156
6350,SOFT TEAL,3706-B93G ,154,164,158,#9AA49E
5018,AQUAMARINE BLUE,2516-B05G ,152,178,186,#98B2BA
2170,SINOPIA,4707-Y89R ,151,136,131,#978883
1877,PEBBLESTONE,S4502-Y ,150,147,139,#96938B
3231,LAVENDER GREY,S4502-R ,150,146,145,#969291
10051,CLAYWOOD,S5010-Y10R ,150,135,115,#968773
2475,EARTH TONE,S5020-Y60R ,150,112,96,#967060
793,FROSTED GREY,4004-B57G ,149,158,156,#959E9C
4675,,3613-R67B ,149,156,168,#959CA8
8064,,3154-G56Y ,149,147,69,#959345
1892,MUDDY WATER,S5010-Y30R ,149,128,109,#95806D
2364,OAKWOOD,S5010-Y50R ,149,127,114,#957F72
4096,BAYSIDE BLUE,1926-R86B ,148,181,203,#94B5CB
4512,GREY STONE,S4005-R80B ,148,155,160,#949BA0
3047,SHADOW PURPLE,4512-R34B ,148,136,143,#94888F
4691,BLUE VIEW,3320-R66B ,147,155,175,#939BAF
10254,BRUN JORD,S5005-Y20R ,147,137,124,#93897C
5055,,1230-B49G ,146,208,201,#92D0C9
8079,NATURE OASIS,4314-G50Y ,146,148,124,#92947C
2806,GREY MOONSTONE,S5005-Y50R ,146,134,125,#92867D
2299,KANEL,S5010-Y70R ,146,123,114,#927B72
7040,CYPRESS,3718-G31Y ,145,157,129,#919D81
2109,BATTLESHIP GREY,5105-Y77R ,144,133,128,#908580
2096,RUSSET,5114-Y90R ,144,117,112,#907570
5272,WHITE CLAY,S4502-B ,143,147,148,#8F9394
3377,SLATE LAVENDER,S5005-R20B ,142,134,135,#8E8687
2630,BROWN SCRIPT,S5020-Y90R ,142,106,102,#8E6A66
4667,,3615-R83B ,141,156,169,#8D9CA9
7543,DUSTY GREEN,S4010-G10Y ,141,155,141,#8D9B8D
7543,DUSTY GREEN,S4010-G10Y ,141,155,141,#8D9B8D
5063,RAW DIAMOND,4306-B48G ,141,153,151,#8D9997
4681,,4511-R50B ,141,137,146,#8D8992
1421,MUESLI,5513-Y38R ,141,114,96,#8D7260
2061,OKERRØD,S5040-Y50R ,141,87,64,#8D5740
6034,ALMASHITE,1139-B98G ,140,204,167,#8CCCA7
10429,DISCRETE,5302-Y32R ,140,134,127,#8C867F
4665,,2823-R84B ,139,165,186,#8BA5BA
6128,ATHENIAN BLUE,S4010-B50G ,139,155,153,#8B9B99
4071,TROPEZ,3715-R80B ,139,154,167,#8B9AA7
7629,ANTIQUE GREEN,4708-G34Y ,138,143,129,#8A8F81
8469,GREEN LEAF,S5010-G70Y ,138,135,116,#8A8774
12181,SOFT COMFORT,5504-Y24R ,138,129,118,#8A8176
4153,APATITE,S4010-R90B ,137,149,157,#89959D
12291,SOFT BROWN,5613-Y16R ,137,117,95,#89755F
6384,WISH,3416-B51G ,136,165,162,#88A5A2
5503,NATURAL BLUE,4209-B02G ,136,149,154,#88959A
5043,PALE TEAL,2623-B37G ,135,179,177,#87B3B1
587,DRAGON RED ,3657-Y93R ,135,61,60,#873D3C
4223,SAMA,S3020-R90B ,134,160,177,#86A0B1
4690,,4908-R61B ,134,136,144,#868890
2791,MOLTEN COPPER,5329-Y85R ,134,87,82,#865752
115,FLINT,5301-R64B ,133,134,133,#858685
3022,BLACK PEARL,S5502-R ,133,128,127,#85807F
8050,GROVE,5518-G91Y ,133,119,90,#85775A
5107,MISCHIEVOUS EVENING,S3020-B10G ,132,166,174,#84A6AE
1462,EVENING SKY,S5502-Y ,132,129,122,#84817A
1462,EVENING SKY,S5502-Y ,132,129,122,#84817A
4629,MATT SILVER,S5005-R80B ,130,135,139,#82878B
2037,DARK CLAY,S6020-Y50R ,129,96,79,#81604F
1145,BAND STONE,5903-Y38R ,128,121,114,#807972
1145,BAND STONE,5903-Y38R ,128,121,114,#807972
1916,TENDER BROWN,S6005-Y20R ,128,118,106,#80766A
2110,YOGA,S6005-Y80R ,127,116,112,#7F7470
10385,BELGIAN BROWN,S6010-Y10R ,127,113,96,#7F7160
7395,STYLISH GREY,S5502-G ,126,131,127,#7E837F
5002,PERSIAN GREY,S5502-B ,126,129,131,#7E8183
1420,TOWER BROWN,6311-Y29R ,125,105,88,#7D6958
1417,EARTH BROWN,6313-Y35R ,125,101,84,#7D6554
4097,MISTY BLUE,3125-R92B ,124,157,176,#7C9DB0
7686,MINDFUL GREEN,5109-G10Y ,124,135,124,#7C877C
8304,TIMIAN,S6005-G80Y ,124,121,110,#7C796E
2097,BURNED SUGAR,5917-Y90R ,124,94,90,#7C5E5A
2951,SOPHISTICATED RED,S6020-Y80R ,124,89,83,#7C5953
572,RED LEATHER,5136-Y87R ,124,74,70,#7C4A46
7052,GREEN SMOKE,5414-G47Y ,123,126,105,#7B7E69
9913,MATRIX,S6000-N ,123,122,121,#7B7A79
9913,MATRIX,S6000-N ,123,122,121,#7B7A79
2803,STEADY BROWN,5142-Y84R ,123,68,63,#7B443F
7544,,S5010-G10Y ,122,135,122,#7A877A
8575,NATURAL GREEN,5615-G59Y ,122,120,97,#7A7861
10249,VANDYKE BROWN,6303-Y43R ,121,115,109,#79736D
1138,BEAVER,6308-Y40R ,121,105,93,#79695D
6100,SERENE GREEN,S5010-B50G ,120,136,134,#788886
4618,EVENING LIGHT,S5010-R90B ,119,131,140,#77838C
4618,EVENING LIGHT,S5010-R90B ,119,131,140,#77838C
5051,COASTAL GREENLAND,1240-B01G ,118,190,212,#76BED4
8046,TWIG BROWN,6211-G90Y ,118,109,91,#766D5B
5310,,S5010-B10G ,117,133,137,#758589
6032,IMPERIAL JADE,S1040-B50G ,115,204,196,#73CCC4
6084,SEA EMERALD,S4020-B50G ,114,149,146,#729592
4111,KOKSGRÅ,6401-R84B ,114,115,115,#727373
9910,SUAVE,S6500-N ,114,113,112,#727170
3308,NIGHT OWL,S6502-R ,114,109,108,#726D6C
4670,PLUMAGE,5015-R83B ,112,127,141,#707F8D
4676,,S6005-R80B ,111,116,122,#6F747A
2794,RUDDY,6422-Y87R ,111,76,72,#6F4C48
5504,COASTAL BLUE,5411-B02G ,109,125,131,#6D7D83
8044,AUTUMN LEAF,6313-G57Y ,109,108,91,#6D6C5B
2805,RICH BURGUNDY,S6030-Y90R ,109,70,67,#6D4643
8048,,6702-G98Y ,108,105,101,#6C6965
5255,SPACE GREY,S6502-B ,107,111,112,#6B6F70
2548,COCOA BROWN,S7020-Y50R ,107,76,63,#6B4C3F
5489,FREE SPIRIT,5412-B36G ,106,126,126,#6A7E7E
562,MONSOON CLOUD,6405-B14G ,106,114,117,#6A7275
2711,RICH KASHMIR,S7005-Y80R ,106,96,92,#6A605C
4241,,3827-R87B ,105,137,160,#6989A0
5030,ST. PAULS BLUE,6108-B08G ,105,116,119,#697477
7613,NORTHERN MYSTIC,6508-G39Y ,105,109,97,#696D61
4619,DENIM BLUE,4819-R90B ,103,126,142,#677E8E
7041,SPRUCE,5615-G13Y ,103,120,103,#677867
4098,SKY SAFARI,4027-R95B ,102,137,157,#66899D
4638,ELEGANT BLUE,S6010-R90B ,101,112,120,#657078
8494,ORGANIC GREEN,6711-G52Y ,100,102,86,#646656
7068,LEMON GREEN,1854-G09Y ,99,174,115,#63AE73
4072,MOON REFLECTION,S5020-R90B ,99,121,137,#637989
3165,MIDNIGHT,S7502-R ,97,91,91,#615B5B
20145,WISDOM,7303-Y94R ,97,89,87,#615957
1434,LABRADOR,S7502-Y ,96,93,88,#605D58
1434,ELEGANT,S7502-Y ,96,93,88,#605D58
3309,DEEP BURGUNDY,7312-R05B ,94,74,75,#5E4A4B
576,CERULEAN,4326-B57G ,93,139,134,#5D8B86
2365,CHOCOLATE,S7020-Y90R ,93,66,64,#5D4240
7061,,S2050-G ,92,171,127,#5CAB7F
4056,DARK CHIMNEY,7501-R97B ,91,92,92,#5B5C5C
7249,ADELE,S7502-G ,89,93,90,#595D5A
2549,ROAST COFFEE,S8010-Y50R ,88,72,64,#584840
4687,THUNDER,S6020-R70B ,85,94,117,#555E75
9920,CARBON BLACK,S8000-N ,84,83,81,#545351
5041,COASTAL WAVE,S4030-B10G ,83,136,149,#538895
5180,OSLO,S7010-B10G ,82,96,100,#526064
4477,DECO BLUE,S7010-R90B ,82,92,100,#525C64
6198,COBALT,S6020-B50G ,78,108,106,#4E6C6A
5455,INDUSTRIAL BLUE,6416-B02G ,77,97,108,#4D616C
5372,,6219-B ,75,98,110,#4B626E
3310,JET BLACK,S8502-R ,74,69,68,#4A4544
9938,BLACKENED BLACK,S8500-N ,73,73,72,#494948
9938,BLACKENED BLACK,S8500-N ,73,73,72,#494948
583,,3526-B09G ,71,139,155,#478B9B
6245,JOYFUL MINT,S5030-B90G ,71,118,101,#477665
5366,TAR,S8502-B ,70,73,74,#46494A
4744,SOPHISTICATED BLUE,8105-R94B ,69,74,77,#454A4D
7312,LIBRARY SEAT,S5040-G10Y ,68,107,75,#446B4B
4947,TRUE BLUE,5133-R91B ,66,104,132,#426884
599,TROPEZ,1847-B06G ,61,168,189,#3DA8BD
4403,MIDNIGHT BLUE,S8010-R90B ,61,70,78,#3D464E
573,ROYAL NAVY,6126-B08G ,59,94,105,#3B5E69
4686,NIGHT SHADDOW,6724-R73B ,59,71,96,#3B4760
4226,,S6030-R80B ,57,79,109,#394F6D
6243,CLASSIC GREEN,S7020-B70G ,56,86,79,#38564F
4400,THE ABYSS,S7020-R90B ,56,75,90,#384B5A
4055,MAJESTIC BLUE,S6030-R90B ,54,86,107,#36566B
6087,,S6030-B70G ,49,94,86,#315E56
593,,2854-G ,48,148,103,#309467
6033,BAHR,S2050-B50G ,47,169,160,#2FA9A0
6244,PALM GREEN,S6530-B50G ,38,84,80,#265450
6241,GREEN ODYSSEY,S5040-B70G ,36,107,95,#246B5F
4224,ROYAL BLUE,S4550-R80B ,35,80,123,#23507B
4114,,S4050-R90B ,30,105,142,#1E698E
4489,MARINE BLUE,S5540-R90B ,30,82,109,#1E526D
6029,DEEP EMERALD,3049-B50G ,18,150,142,#12968E
5116,,S4050-B ,2,113,142,#02718E
597,BLUE DOME,2959-B ,0,125,160,#007DA0
6242,MIDNIGHT FOREST,S4050-B70G ,0,121,105,#007969
